{
  "project_info": {
    "project_number": "18913672565",
    "project_id": "health-ai-4e81f",
    "storage_bucket": "health-ai-4e81f.appspot.com"
  },
  "client": [
    {
      "client_info": {
        "mobilesdk_app_id": "1:18913672565:android:51f855661c3d550e87a73c",
        "android_client_info": {
          "package_name": "com.example.healthai"
        }
      },
      "oauth_client": [],
      "api_key": [
        {
          "current_key": "AIzaSyAs0Sj9wPzujzble0o0SrivJKm0AE965sM"
        }
      ],
      "services": {
        "appinvite_service": {
          "other_platform_oauth_client": []
        }
      }
    }
  ],
  "configuration_version": "1"
}